{
  "execPath": "C:/Users/Stipe Mikulic/.platformio/packages/toolchain-gccarmnoneeabi/bin/arm-none-eabi-g++.exe",
  "gccDefaultCFlags": "-fsyntax-only -Wall -ffunction-sections -fdata-sections -mthumb -mcpu=cortex-m4 -nostdlib -fsingle-precision-constant -mfloat-abi=hard -mfpu=fpv4-sp-d16 -O2 -DPLATFORMIO=40201 -D__MK64FX512__ -DTEENSY35 -DUSB_SERIAL -DARDUINO=10805 -DTEENSYDUINO=148 -DCORE_TEENSY -DF_CPU=120000000L -DLAYOUT_US_ENGLISH",
  "gccDefaultCppFlags": "-fsyntax-only -fno-exceptions -felide-constructors -fno-rtti -std=gnu++14 -Wno-error=narrowing -fpermissive -Wall -ffunction-sections -fdata-sections -mthumb -mcpu=cortex-m4 -nostdlib -fsingle-precision-constant -mfloat-abi=hard -mfpu=fpv4-sp-d16 -O2 -DPLATFORMIO=40201 -D__MK64FX512__ -DTEENSY35 -DUSB_SERIAL -DARDUINO=10805 -DTEENSYDUINO=148 -DCORE_TEENSY -DF_CPU=120000000L -DLAYOUT_US_ENGLISH",
  "gccErrorLimit": 15,
  "gccIncludePaths": "C:/Users/Stipe Mikulic/Desktop/projekt autonomno vozilo/v2.2 Rescue Maze Robot gibanje/include,C:/Users/Stipe Mikulic/Desktop/projekt autonomno vozilo/v2.2 Rescue Maze Robot gibanje/src,C:/Users/Stipe Mikulic/.platformio/lib/PID,C:/Users/Stipe Mikulic/.platformio/lib/Adafruit BNO055_ID506,C:/Users/Stipe Mikulic/.platformio/lib/Adafruit BNO055_ID506/utility,C:/Users/Stipe Mikulic/.platformio/lib/Adafruit Unified Sensor_ID31,C:/Users/Stipe Mikulic/.platformio/packages/framework-arduinoteensy/libraries/Wire,C:/Users/Stipe Mikulic/.platformio/packages/framework-arduinoteensy/libraries/Wire/utility,C:/Users/Stipe Mikulic/.platformio/packages/framework-arduinoteensy/cores/teensy3,C:/Users/Stipe Mikulic/.platformio/lib/BH1750_ID439,C:/Users/Stipe Mikulic/.platformio/lib/DHT sensor library_ID19,C:/Users/Stipe Mikulic/.platformio/lib/DHT_ID1671,C:/Users/Stipe Mikulic/.platformio/lib/DallasTemperature_ID54,C:/Users/Stipe Mikulic/.platformio/lib/LIDAR_VL53L0XsAnalog,C:/Users/Stipe Mikulic/.platformio/lib/Low-Power_ID38,C:/Users/Stipe Mikulic/.platformio/lib/NeoGPS_ID1247/src,C:/Users/Stipe Mikulic/.platformio/lib/OneWire_ID1,C:/Users/Stipe Mikulic/.platformio/lib/RF24_ID433,C:/Users/Stipe Mikulic/.platformio/lib/RF24_ID433/utility,C:/Users/Stipe Mikulic/.platformio/lib/TinyGPSPlus_ID1655/src,C:/Users/Stipe Mikulic/.platformio/lib/TinyGPS_ID416,C:/Users/Stipe Mikulic/.platformio/packages/framework-arduinoteensy/libraries/ADC,C:/Users/Stipe Mikulic/.platformio/packages/framework-arduinoteensy/libraries/AccelStepper/src,C:/Users/Stipe Mikulic/.platformio/packages/framework-arduinoteensy/libraries/Adafruit_CC3000,C:/Users/Stipe Mikulic/.platformio/packages/framework-arduinoteensy/libraries/Adafruit_CC3000/utility,C:/Users/Stipe Mikulic/.platformio/packages/framework-arduinoteensy/libraries/Adafruit_GFX,C:/Users/Stipe Mikulic/.platformio/packages/framework-arduinoteensy/libraries/Adafruit_NeoPixel,C:/Users/Stipe Mikulic/.platformio/packages/framework-arduinoteensy/libraries/Adafruit_RA8875,C:/Users/Stipe Mikulic/.platformio/packages/framework-arduinoteensy/libraries/Adafruit_STMPE610,C:/Users/Stipe Mikulic/.platformio/packages/framework-arduinoteensy/libraries/Adafruit_VS1053,C:/Users/Stipe Mikulic/.platformio/packages/framework-arduinoteensy/libraries/Adafruit_nRF8001,C:/Users/Stipe Mikulic/.platformio/packages/framework-arduinoteensy/libraries/Adafruit_nRF8001/utility,C:/Users/Stipe Mikulic/.platformio/packages/framework-arduinoteensy/libraries/AltSoftSerial,C:/Users/Stipe Mikulic/.platformio/packages/framework-arduinoteensy/libraries/Artnet,C:/Users/Stipe Mikulic/.platformio/packages/framework-arduinoteensy/libraries/Audio,C:/Users/Stipe Mikulic/.platformio/packages/framework-arduinoteensy/libraries/Audio/utility,C:/Users/Stipe Mikulic/.platformio/packages/framework-arduinoteensy/libraries/Bounce,C:/Users/Stipe Mikulic/.platformio/packages/framework-arduinoteensy/libraries/Bounce2,C:/Users/Stipe Mikulic/.platformio/packages/framework-arduinoteensy/libraries/CapacitiveSensor,C:/Users/Stipe Mikulic/.platformio/packages/framework-arduinoteensy/libraries/CryptoAccel/src,C:/Users/Stipe Mikulic/.platformio/packages/framework-arduinoteensy/libraries/DS1307RTC,C:/Users/Stipe Mikulic/.platformio/packages/framework-arduinoteensy/libraries/DmxSimple,C:/Users/Stipe Mikulic/.platformio/packages/framework-arduinoteensy/libraries/DogLcd,C:/Users/Stipe Mikulic/.platformio/packages/framework-arduinoteensy/libraries/EEPROM,C:/Users/Stipe Mikulic/.platformio/packages/framework-arduinoteensy/libraries/EasyTransfer,C:/Users/Stipe Mikulic/.platformio/packages/framework-arduinoteensy/libraries/EasyTransferI2C,C:/Users/Stipe Mikulic/.platformio/packages/framework-arduinoteensy/libraries/Encoder,C:/Users/Stipe Mikulic/.platformio/packages/framework-arduinoteensy/libraries/Encoder/utility,C:/Users/Stipe Mikulic/.platformio/packages/framework-arduinoteensy/libraries/Entropy,C:/Users/Stipe Mikulic/.platformio/packages/framework-arduinoteensy/libraries/Ethernet/src,C:/Users/Stipe Mikulic/.platformio/packages/framework-arduinoteensy/libraries/FastCRC,C:/Users/Stipe Mikulic/.platformio/packages/framework-arduinoteensy/libraries/FastLED,C:/Users/Stipe Mikulic/.platformio/packages/framework-arduinoteensy/libraries/FlexCAN,C:/Users/Stipe Mikulic/.platformio/packages/framework-arduinoteensy/libraries/FlexiTimer2,C:/Users/Stipe Mikulic/.platformio/packages/framework-arduinoteensy/libraries/FreqCount,C:/Users/Stipe Mikulic/.platformio/packages/framework-arduinoteensy/libraries/FreqMeasure,C:/Users/Stipe Mikulic/.platformio/packages/framework-arduinoteensy/libraries/FreqMeasureMulti,C:/Users/Stipe Mikulic/.platformio/packages/framework-arduinoteensy/libraries/FrequencyTimer2,C:/Users/Stipe Mikulic/.platformio/packages/framework-arduinoteensy/libraries/ILI9341_t3,C:/Users/Stipe Mikulic/.platformio/packages/framework-arduinoteensy/libraries/IRremote,C:/Users/Stipe Mikulic/.platformio/packages/framework-arduinoteensy/libraries/Keypad/src,C:/Users/Stipe Mikulic/.platformio/packages/framework-arduinoteensy/libraries/LedControl/src,C:/Users/Stipe Mikulic/.platformio/packages/framework-arduinoteensy/libraries/LedDisplay,C:/Users/Stipe Mikulic/.platformio/packages/framework-arduinoteensy/libraries/LiquidCrystal/src,C:/Users/Stipe Mikulic/.platformio/packages/framework-arduinoteensy/libraries/LiquidCrystalFast,C:/Users/Stipe Mikulic/.platformio/packages/framework-arduinoteensy/libraries/LowPower,C:/Users/Stipe Mikulic/.platformio/packages/framework-arduinoteensy/libraries/MFRC522/src,C:/Users/Stipe Mikulic/.platformio/packages/framework-arduinoteensy/libraries/MIDI/src,C:/Users/Stipe Mikulic/.platformio/packages/framework-arduinoteensy/libraries/Metro,C:/Users/Stipe Mikulic/.platformio/packages/framework-arduinoteensy/libraries/MsTimer2,C:/Users/Stipe Mikulic/.platformio/packages/framework-arduinoteensy/libraries/NXPMotionSense,C:/Users/Stipe Mikulic/.platformio/packages/framework-arduinoteensy/libraries/NXPMotionSense/utility,C:/Users/Stipe Mikulic/.platformio/packages/framework-arduinoteensy/libraries/OSC,C:/Users/Stipe Mikulic/.platformio/packages/framework-arduinoteensy/libraries/OctoWS2811,C:/Users/Stipe Mikulic/.platformio/packages/framework-arduinoteensy/libraries/OneWire,C:/Users/Stipe Mikulic/.platformio/packages/framework-arduinoteensy/libraries/PS2Keyboard,C:/Users/Stipe Mikulic/.platformio/packages/framework-arduinoteensy/libraries/PS2Keyboard/utility,C:/Users/Stipe Mikulic/.platformio/packages/framework-arduinoteensy/libraries/PWMServo,C:/Users/Stipe Mikulic/.platformio/packages/framework-arduinoteensy/libraries/Ping,C:/Users/Stipe Mikulic/.platformio/packages/framework-arduinoteensy/libraries/PulsePosition,C:/Users/Stipe Mikulic/.platformio/packages/framework-arduinoteensy/libraries/RA8875,C:/Users/Stipe Mikulic/.platformio/packages/framework-arduinoteensy/libraries/RadioHead,C:/Users/Stipe Mikulic/.platformio/packages/framework-arduinoteensy/libraries/ResponsiveAnalogRead/src,C:/Users/Stipe Mikulic/.platformio/packages/framework-arduinoteensy/libraries/SD,C:/Users/Stipe Mikulic/.platformio/packages/framework-arduinoteensy/libraries/SD/utility,C:/Users/Stipe Mikulic/.platformio/packages/framework-arduinoteensy/libraries/SPI,C:/Users/Stipe Mikulic/.platformio/packages/framework-arduinoteensy/libraries/SPIFlash,C:/Users/Stipe Mikulic/.platformio/packages/framework-arduinoteensy/libraries/ST7565,C:/Users/Stipe Mikulic/.platformio/packages/framework-arduinoteensy/libraries/ST7735_t3,C:/Users/Stipe Mikulic/.platformio/packages/framework-arduinoteensy/libraries/SerialFlash,C:/Users/Stipe Mikulic/.platformio/packages/framework-arduinoteensy/libraries/Servo,C:/Users/Stipe Mikulic/.platformio/packages/framework-arduinoteensy/libraries/ShiftPWM,C:/Users/Stipe Mikulic/.platformio/packages/framework-arduinoteensy/libraries/Snooze,C:/Users/Stipe Mikulic/.platformio/packages/framework-arduinoteensy/libraries/Snooze/utility,C:/Users/Stipe Mikulic/.platformio/packages/framework-arduinoteensy/libraries/SoftPWM,C:/Users/Stipe Mikulic/.platformio/packages/framework-arduinoteensy/libraries/SoftwareSerial,C:/Users/Stipe Mikulic/.platformio/packages/framework-arduinoteensy/libraries/TFT_ILI9163C,C:/Users/Stipe Mikulic/.platformio/packages/framework-arduinoteensy/libraries/Talkie,C:/Users/Stipe Mikulic/.platformio/packages/framework-arduinoteensy/libraries/TeensyThreads,C:/Users/Stipe Mikulic/.platformio/packages/framework-arduinoteensy/libraries/Time,C:/Users/Stipe Mikulic/.platformio/packages/framework-arduinoteensy/libraries/TimeAlarms,C:/Users/Stipe Mikulic/.platformio/packages/framework-arduinoteensy/libraries/TimerOne,C:/Users/Stipe Mikulic/.platformio/packages/framework-arduinoteensy/libraries/TimerThree,C:/Users/Stipe Mikulic/.platformio/packages/framework-arduinoteensy/libraries/TinyGPS,C:/Users/Stipe Mikulic/.platformio/packages/framework-arduinoteensy/libraries/Tlc5940,C:/Users/Stipe Mikulic/.platformio/packages/framework-arduinoteensy/libraries/TouchScreen,C:/Users/Stipe Mikulic/.platformio/packages/framework-arduinoteensy/libraries/USBHost_t36,C:/Users/Stipe Mikulic/.platformio/packages/framework-arduinoteensy/libraries/USBHost_t36/utility,C:/Users/Stipe Mikulic/.platformio/packages/framework-arduinoteensy/libraries/UTFT,C:/Users/Stipe Mikulic/.platformio/packages/framework-arduinoteensy/libraries/VirtualWire,C:/Users/Stipe Mikulic/.platformio/packages/framework-arduinoteensy/libraries/WS2812Serial,C:/Users/Stipe Mikulic/.platformio/packages/framework-arduinoteensy/libraries/XBee,C:/Users/Stipe Mikulic/.platformio/packages/framework-arduinoteensy/libraries/XPT2046_Touchscreen,C:/Users/Stipe Mikulic/.platformio/packages/framework-arduinoteensy/libraries/i2c_t3,C:/Users/Stipe Mikulic/.platformio/packages/framework-arduinoteensy/libraries/ks0108,C:/Users/Stipe Mikulic/.platformio/packages/framework-arduinoteensy/libraries/openGLCD,C:/Users/Stipe Mikulic/.platformio/packages/framework-arduinoteensy/libraries/ssd1351,C:/Users/Stipe Mikulic/.platformio/packages/framework-arduinoteensy/libraries/x10,C:/Users/Stipe Mikulic/.platformio/packages/toolchain-gccarmnoneeabi/arm-none-eabi/include,C:/Users/Stipe Mikulic/.platformio/packages/toolchain-gccarmnoneeabi/arm-none-eabi/include/c++/5.4.1,C:/Users/Stipe Mikulic/.platformio/packages/toolchain-gccarmnoneeabi/arm-none-eabi/include/c++/5.4.1/arm-none-eabi,C:/Users/Stipe Mikulic/.platformio/packages/toolchain-gccarmnoneeabi/lib/gcc/arm-none-eabi/5.4.1/include,C:/Users/Stipe Mikulic/.platformio/packages/toolchain-gccarmnoneeabi/lib/gcc/arm-none-eabi/5.4.1/include-fixed,C:/Users/Stipe Mikulic/.platformio/packages/tool-unity",
  "gccSuppressWarnings": false
}
